{
    "accuracy": 0.703090013434841,
    "auc": 0.759463459759482,
    "precision": 0.8024502297090352,
    "recall": 0.4952741020793951,
    "f1_score": 0.6125073056691993,
    "mcc": 0.4231420843768012,
    "confusion_matrix": [
        [
            1046,
            129
        ],
        [
            534,
            524
        ]
    ]
}