{
    "accuracy": 0.6802507836990596,
    "auc": 0.735087479387041,
    "precision": 0.6869565217391305,
    "recall": 0.5973534971644613,
    "f1_score": 0.6390293225480284,
    "mcc": 0.3573410706094311,
    "confusion_matrix": [
        [
            887,
            288
        ],
        [
            426,
            632
        ]
    ]
}