{
    "accuracy": 0.6739811912225705,
    "auc": 0.731891565780477,
    "precision": 0.6640159045725647,
    "recall": 0.6313799621928167,
    "f1_score": 0.6472868217054264,
    "mcc": 0.34494177072610277,
    "confusion_matrix": [
        [
            837,
            338
        ],
        [
            390,
            668
        ]
    ]
}