{
    "accuracy": 0.6359158083296015,
    "auc": 0.7022764750834574,
    "precision": 0.6757532281205165,
    "recall": 0.44517958412098296,
    "f1_score": 0.5367521367521367,
    "mcc": 0.2724545761070398,
    "confusion_matrix": [
        [
            949,
            226
        ],
        [
            587,
            471
        ]
    ]
}