{
    "accuracy": 0.7241379310344828,
    "auc": 0.7783517676869243,
    "precision": 0.75,
    "recall": 0.6266540642722117,
    "f1_score": 0.6828012358393409,
    "mcc": 0.4477829453887357,
    "confusion_matrix": [
        [
            954,
            221
        ],
        [
            395,
            663
        ]
    ]
}