{
    "accuracy": 0.7348858038513211,
    "auc": 0.7861585488476854,
    "precision": 0.7588888888888888,
    "recall": 0.6455576559546313,
    "f1_score": 0.6976506639427987,
    "mcc": 0.46914845358264146,
    "confusion_matrix": [
        [
            958,
            217
        ],
        [
            375,
            683
        ]
    ]
}